<?xml version="1.0" encoding="UTF-8" ?>
<module>
	<name>paysto</name>
	<displayName><![CDATA[PaySto]]></displayName>
	<version><![CDATA[1.1.4]]></version>
	<description><![CDATA[Позволяет принимать платежи через PaySto]]></description>
	<author><![CDATA[PrestaInfo]]></author>
	<tab><![CDATA[payments_gateways]]></tab>
	<confirmUninstall><![CDATA[Вы уверены, что хотите удалить?]]></confirmUninstall>
	<is_configurable>1</is_configurable>
	<need_instance>0</need_instance>
	<limited_countries></limited_countries>
</module>